Romaine Base,lemon couscous,white rice,Mexican Rice [Retherm],Suadero Beef [Cooked],Guajillo  Cumin Chicken cooked,Beef Chile con Carne Dry retherm,Pork Carnitas Cooked v11,Chicken Al Pastor [Cooked],Pico de Gallo,Corn Salad Make 11,CHEESE CHEDDAR MONTEREY JACK BLEND SHREDDED,Mexican Slaw,Pineapple-Cucumber Salad,Sweet Potatoes Roasted Glazed,Tabouleh,Green Beans,Feta,Cheese,ml,cups,lid,notes
,,,,,,,,,,,,34,,,,,,,75,,,
,,,,,,,,,,,,37,,,,,,,79,,,
,,,,,,,,,,,,50,,,,,,,112,,,
,,,,,,,,,,,,82,,,,,,,196,,,
,,,,,,,,,,,,94,,,,,,,243,,,
,,,,,,,,,,,,84,,,,,,,201,,,
,,,,56,,,,,,,,,,,,,,,47,,,
,,,,110,,,,,,,,,,,,,,,119,,,
,,,,123,,,,,,,,,,,,,,,130,,,
,,,,115,,,,,,,,,,,,,,,122,,,
,,,,126,,,,,,,,,,,,,,,150,,,
,,,,170,,,,,,,,,,,,,,,230,,,
,,,,,,,,57,,,,,,,,,,,32,,,
,,,,,,,,105,,,,,,,,,,,90,,,
,,,,,,,,97,,,,,,,,,,,68,,,
,,,,,,,,111,,,,,,,,,,,99,,,
,,,,,,,,181,,,,,,,,,,,176,,,
,,,,,,,,134,,,,,,,,,,,117,,,
,,,,,,,,,39,,,,,,,,,,14,,,
,,,,,,,,,41,,,,,,,,,,13,,,
,,,,,,,,,53,,,,,,,,,,32,,,
,,,,,,,,,39,,,,,,,,,,16,,,
,,,,,,,,,46,,,,,,,,,,13,,,
,,,,,,,,,29,,,,,,,,,,8,,,
57,,,,,,,,,,,,,,,,,,,238,,,
69,,,,,,,,,,,,,,,,,,,266,,,
39,,,,,,,,,,,,,,,,,,,143,,,
99,,,,,,,,,,,,,,,,,,,466,,,
79,,,,,,,,,,,,,,,,,,,258,,,
81,,,,,,,,,,,,,,,,,,,287,,,
82,,,,,,,,117,,,,,,,,,,,443,,,203
68,,,,,,,,134,,,,,,,,,,,387,,,204
61,,,,,,,,109,,,,,,,,,,,353,,,172
69,,,,,,,,108,,,,,,,,,,,382,,,179
79,,,,,,,,108,,,,,,,,,,,421,,,188
86,,,,,,,,130,,,,,,,,,,,489,,,217
66,,118,,,,,,,,,,,,,,,,,470,,,188
70,,135,,,,,,,,,,,,,,,,,575,,,205
67,,161,,,,,,,,,,,,,,,,,559,,,234
73,,180,,,,,,,,,,,,,,,,,550,,,242
73,,202,,,,,,,,,,,,,,,,,666,,,275
71,,208,,,,,,,,,,,,,,,,,620,,,278
