Romaine Base,lemon couscous,white rice,Mexican Rice [Retherm],Suadero Beef [Cooked],Guajillo  Cumin Chicken cooked,Beef Chile con Carne Dry retherm,Pork Carnitas Cooked v11,Chicken Al Pastor [Cooked],Pico de Gallo,Corn Salad Make 11,CHEESE CHEDDAR MONTEREY JACK BLEND SHREDDED,Mexican Slaw,Pineapple-Cucumber Salad,Sweet Potatoes Roasted Glazed,Tabouleh,Green Beans,Feta,Cheese,test beans,ml,cups,lid,notes
,,,,,,,,,,,,,,,,,,,2.29,-3,,,
,,,,,,,,,,,,,,,,,,,4.35,-1,,,
,,,,,,,,,,,,,,,,,,,7.44,1,,,
,,,,,,,,,,,,,,,,,,,10.82,4,,,
,,,,,,,,,,,,,,,,,,,13.81,6,,,
,,,,,,,,,,,,,,,,,,,16.8,9,,,
,,,,,,,,,,,,,,,,,,,19.79,13,,,
,,,,,,,,,,,,,,,,,,,22.59,14,,,
,,,,,,,,,,,,,,,,,,,24.96,17,,,
,,,,,,,,,,,,,,,,,,,27.1,20,,,
,,,,,,,,,,,,,,,,,,,30.3,25,,,
,,,,,,,,,,,,,,,,,,,34.3,28,,,
,,,,,,,,,,,,,,,,,,,37.5,29,,,
,,,,,,,,,,,,,,,,,,,41.8,34,,,
,,,,,,,,,,,,,,,,,,,46.8,41,,,
,,,,,,,,,,,,,,,,,,,49.8,45,,,
,,,,,,,,,,,,,,,,,,,54.5,50,,,
,,,,,,,,,,,,,,,,,,,59.6,55,,,
,,,,,,,,,,,,,,,,,,,65.5,61,,,
,,,,,,,,,,,,,,,,,,,70.7,65,,,
,,,,,,,,,,,,,,,,,,,75.3,71,,,
,,,,,,,,,,,,,,,,,,,81.2,76,,,
,,,,,,,,,,,,,,,,,,,87.5,81,,,
,,,,,,,,,,,,,,,,,,,92.6,88,,,
,,,,,,,,,,,,,,,,,,,98,92,,,
,,,,,,,,,,,,,,,,,,,105.3,99,,,
,,,,,,,,,,,,,,,,,,,111.4,104,,,
,,,,,,,,,,,,,,,,,,,118,112,,,
,,,,,,,,,,,,,,,,,,,124.5,119,,,
,,,,,,,,,,,,,,,,,,,131,126,,,
,,,,,,,,,,,,,,,,,,,138.4,134,,,
,,,,,,,,,,,,,,,,,,,142.9,142,,,
,,,,,,,,,,,,,,,,,,,147.8,145,,,
,,,,,,,,,,,,,,,,,,,153.6,150,,,
,,,,,,,,,,,,,,,,,,,159.5,156,,,
,,,,,,,,,,,,,,,,,,,166,164,,,
,,,,,,,,,,,,,,,,,,,172,172,,,
,,,,,,,,,,,,,,,,,,,176.8,176,,,
,,,,,,,,,,,,,,,,,,,184.4,185,,,
,,,,,,,,,,,,,,,,,,,190.3,190,,,
,,,,,,,,,,,,,,,,,,,197.2,197,,,
,,,,,,,,,,,,,,,,,,,205.3,207,,,
,,,,,,,,,,,,,,,,,,,212.4,213,,,
,,,,,,,,,,,,,,,,,,,218.9,222,,,
,,,,,,,,,,,,,,,,,,,224.6,228,,,
,,,,,,,,,,,,,,,,,,,230.2,234,,,
,,,,,,,,,,,,,,,,,,,237.7,242,,,
,,,,,,,,,,,,,,,,,,,244.5,251,,,
,,,,,,,,,,,,,,,,,,,251.6,260,,,
,,,,,,,,,,,,,,,,,,,256.8,265,,,
,,,,,,,,,,,,,,,,,,,265.1,274,,,
,,,,,,,,,,,,,,,,,,,272.4,284,,,
,,,,,,,,,,,,,,,,,,,278.8,288,,,
,,,,,,,,,,,,,,,,,,,286.2,298,,,
,,,,,,,,,,,,,,,,,,,295.5,309,,,
,,,,,,,,,,,,,,,,,,,302.1,316,,,
,,,,,,,,,,,,,,,,,,,309.8,324,,,
,,,,,,,,,,,,,,,,,,,318.3,337,,,
,,,,,,,,,,,,,,,,,,,325,344,,,
,,,,,,,,,,,,,,,,,,,332.2,352,,,
,,,,,,,,,,,,,,,,,,,340.8,360,,,
,,,,,,,,,,,,,,,,,,,349,370,,,
,,,,,,,,,,,,,,,,,,,356.1,379,,,
,,,,,,,,,,,,,,,,,,,362.6,386,,,
,,,,,,,,,,,,,,,,,,,369.3,394,,,
,,,,,,,,,,,,,,,,,,,377.3,405,,,
,,,,,,,,,,,,,,,,,,,384.8,414,,,
,,,,,,,,,,,,,,,,,,,390.4,422,,,
,,,,,,,,,,,,,,,,,,,396.8,428,,,
,,,,,,,,,,,,,,,,,,,401.9,434,,,
,,,,,,,,,,,,,,,,,,,407.9,439,,,
,,,,,,,,,,,,,,,,,,,413.5,447,,,
,,,,,,,,,,,,,,,,,,,419.1,453,,,
,,,,,,,,,,,,,,,,,,,425.1,459,,,
,,,,,,,,,,,,,,,,,,,429.8,466,,,
,,,,,,,,,,,,,,,,,,,433.7,470,,,
,,,,,,,,,,,,,,,,,,,438.2,474,,,
,,,,,,,,,,,,,,,,,,,444.5,484,,,
,,,,,,,,,,,,,,,,,,,447.8,487,,,
,,,,,,,,,,,,,,,,,,,452,492,,,
,,,,,,,,,,,,,,,,,,,455.5,498,,,
,,,,,,,,,,,,,,,,,,,459.7,502,,,
